{"cameraMode":{"drawMode":0,"name":"Shaded","section":"Shading Mode"},"sceneLighting":false,"audioPlay":false,"sceneViewState":{"m_AlwaysRefresh":false,"showFog":true,"showSkybox":false,"showFlares":true,"showImageEffects":true,"showParticleSystems":true,"showVisualEffectGraphs":true,"m_FxEnabled":true},"in2DMode":false,"pivot":{"x":8.299999237060547,"y":-3.440000534057617,"z":-0.040000006556510928},"rotation":{"x":0.15828539431095124,"y":0.023694977164268495,"z":-0.003799583064392209,"w":0.9871021509170532},"size":0.8660253882408142,"orthographic":false}